Step,VLCS_Fish_T_0_0_[0]__1713167172 - test/diff_1,VLCS_Fish_T_0_0_[0]__1713167172 - test/diff_2,VLCS_Fish_T_0_0_[0]__1713167172 - test/grad_progress,VLCS_Fish_T_0_0_[0]__1713167172 - test/invariant angle,VLCS_Fish_T_0_0_[0]__1713167172 - test/angle_0,VLCS_Fish_T_0_0_[0]__1713167172 - test/angle_1,VLCS_Fish_T_0_0_[0]__1713167172 - test/angle_2,VLCS_Fish_T_0_0_[0]__1713142592 - test/diff_1,VLCS_Fish_T_0_0_[0]__1713142592 - test/diff_2,VLCS_Fish_T_0_0_[0]__1713142592 - test/grad_progress,VLCS_Fish_T_0_0_[0]__1713142592 - test/invariant angle,VLCS_Fish_T_0_0_[0]__1713142592 - test/angle_0,VLCS_Fish_T_0_0_[0]__1713142592 - test/angle_1,VLCS_Fish_T_0_0_[0]__1713142592 - test/angle_2,VLCS_Fish_T_0_0_[0]__1712899414 - test/diff_1,VLCS_Fish_T_0_0_[0]__1712899414 - test/diff_2,VLCS_Fish_T_0_0_[0]__1712899414 - test/grad_progress,VLCS_Fish_T_0_0_[0]__1712899414 - test/invariant angle,VLCS_Fish_T_0_0_[0]__1712899414 - test/angle_0,VLCS_Fish_T_0_0_[0]__1712899414 - test/angle_1,VLCS_Fish_T_0_0_[0]__1712899414 - test/angle_2,VLCS_Fish_T_0_0_[0]__1712834220 - test/diff_1,VLCS_Fish_T_0_0_[0]__1712834220 - test/diff_2,VLCS_Fish_T_0_0_[0]__1712834220 - test/grad_progress,VLCS_Fish_T_0_0_[0]__1712834220 - test/invariant angle,VLCS_Fish_T_0_0_[0]__1712834220 - test/angle_0,VLCS_Fish_T_0_0_[0]__1712834220 - test/angle_1,VLCS_Fish_T_0_0_[0]__1712834220 - test/angle_2,VLCS_ERM_T_0_0_[0]__1712459346 - test/diff_1,VLCS_ERM_T_0_0_[0]__1712459346 - test/diff_2,VLCS_ERM_T_0_0_[0]__1712459346 - test/grad_progress,VLCS_ERM_T_0_0_[0]__1712459346 - test/invariant angle,VLCS_ERM_T_0_0_[0]__1712459346 - test/angle_0,VLCS_ERM_T_0_0_[0]__1712459346 - test/angle_1,VLCS_ERM_T_0_0_[0]__1712459346 - test/angle_2,VLCS_Fish_T_0_0_[0]__1712218117 - test/diff_1,VLCS_Fish_T_0_0_[0]__1712218117 - test/diff_2,VLCS_Fish_T_0_0_[0]__1712218117 - test/grad_progress,VLCS_Fish_T_0_0_[0]__1712218117 - test/angle_0,VLCS_Fish_T_0_0_[0]__1712218117 - test/angle_1,VLCS_Fish_T_0_0_[0]__1712218117 - test/angle_2
0,0.5957984924316406,0.5976110696792603,0.012364731170237064,0.9999997615814208,0.9235448837280272,0.6302059888839722,0.500170111656189,0.5669757127761841,0.576411247253418,0.06182323023676872,1.0000001192092896,0.9235451221466064,0.6302061080932617,0.5001705288887024,0.5279923677444458,0.5388455986976624,0.1253778040409088,1.0000001192092896,0.918410062789917,0.6686496138572693,0.607094943523407,0.5258601903915405,0.6193808913230896,0.6182326674461365,1.0000001192092896,0.9235451817512512,0.6302061080932617,0.5001705288887024,0,0,1.2619073390960691,0.9999997615814208,0.9999997615814208,0.9999997615814208,0.9999997615814208,0.5258601903915405,0.6193808913230896,0.6182326674461365,0.9235451817512512,0.6302061080932617,0.5001705288887024
1,0.1667255722731352,0.17219125757614773,0.003991387942805886,0.8105814909934997,0.5593746906518936,0.6309622158606847,0.5343290601670742,0.10675575795272986,0.10734283280869324,0.014781480769937237,0.7581796231865883,0.455020827849706,0.5475374460220337,0.4512878817319871,0.09206985011696817,0.09590142905712128,0.02819529672463735,0.7474637865026792,0.4294618600110213,0.524826137026151,0.4427415426572164,0.08407915327697993,0.08902391155560811,0.09134998053312303,0.7099799590309461,0.4601662026594083,0.4632778146117926,0.425764492812256,0,0,0.0946817732602358,0.8327930462360382,1.0000000202655792,1.0000000202655792,1.0000000202655792,0.08407915327697993,0.08902391155560811,0.09134998053312303,0.4601662026594083,0.4632778146117926,0.425764492812256
2,0.10620490883787473,0.10231769526998202,0.00309420080545048,0.7558230789502461,0.4442625521620113,0.5455492184559504,0.442934397260348,0.08005605466663837,0.08065351650118828,0.013182745516921085,0.7433320290843646,0.4233399075766405,0.5180484959483147,0.4489997962117195,0.09568465349574884,0.09698142742117244,0.032360457498580214,0.7426488041877747,0.40615909352898605,0.5258275653918584,0.4265922071536382,0.0905505791058143,0.0932106569285194,0.10313098818063736,0.7251844919721285,0.4336481441060702,0.489450991054376,0.4529433194796244,0,0,0.07263550076633693,0.8568035912513733,1.000000017285347,1.000000017285347,1.000000017285347,0.0905505791058143,0.0932106569285194,0.10313098818063736,0.4336481441060702,0.489450991054376,0.4529433194796244
3,0.09822452043493587,0.09700816124677658,0.0030013467650860546,0.7487836030125617,0.4449133983254432,0.5353591524561246,0.4278599944710732,0.08406542286276818,0.08679707882304986,0.014559855144470932,0.7429807325204213,0.4241603031257789,0.5232750733693441,0.4241080945233504,0.11481036399801572,0.11909473945697148,0.038351004756987085,0.7440896884600321,0.4031301634510358,0.5369185717900594,0.41598599423964816,0.14071498083571593,0.15608777006467184,0.16536332118014493,0.7321355444192886,0.392715838154157,0.5308353951573372,0.39590492501854896,0,0,0.09224446886529523,0.8685628040631612,1.0000000125169757,1.0000000125169757,1.0000000125169757,0.14071498083571593,0.15608777006467184,0.16536332118014493,0.392715838154157,0.5308353951573372,0.39590492501854896
4,0.09381115118662517,0.09250236039360364,0.003025539678831895,0.7493757509191831,0.42718643506368,0.5352001063028972,0.4375652220845223,0.10047966202100117,0.09966863416135313,0.017534690604855616,0.7456960864861806,0.4027260880172253,0.5335165807604789,0.42268791993459065,0.14029180221259593,0.1455467231074969,0.0432837143416206,0.7394404975573222,0.3832766393323739,0.5340176038940747,0.4138885662953059,0.17633948909739652,0.19117227425177893,0.20467868365347386,0.7325228155652682,0.39316890557607015,0.5195721426606178,0.4241797589262327,0,0,0.142484792470932,0.8675604359308878,1.0000000041723252,1.0000000041723252,1.0000000041723252,0.17633948909739652,0.19117227425177893,0.20467868365347386,0.39316890557607015,0.5195721426606178,0.4241797589262327
5,0.0933684765547514,0.09074919680754344,0.003131352981242041,0.7441530331969262,0.4338362453877926,0.5292367250720661,0.42052643179893495,0.1185435179869334,0.11643746172388394,0.01974874848499894,0.7424747862418493,0.3985881895323594,0.5408886364102363,0.4140817487239838,0.16274041891098026,0.1690686277548472,0.04504997617254655,0.7380519797404607,0.3891037672758103,0.5310088671247164,0.4027036304275195,0.2123380603392919,0.2305593950549761,0.2417194965978464,0.7357115312417348,0.3917536220947901,0.5221273116270702,0.4302914827068647,0,0,0.10393487249811492,0.8671865685780843,1.0000000077486038,1.0000000077486038,1.0000000077486038,0.2123380603392919,0.2305593950549761,0.2417194965978464,0.3917536220947901,0.5221273116270702,0.4302914827068647
6,0.08952757872641087,0.09037473323444524,0.0031754612868341307,0.7439359078804652,0.4381870603561401,0.518871606985728,0.4333744362990061,0.12647782812515895,0.12891314513981342,0.02019307692224781,0.7425416871905327,0.4030507521828016,0.5410691130161286,0.4194653035203616,0.16613096336523692,0.17540668502449988,0.04375634112705787,0.7379050205151241,0.38871586536367736,0.5240808553496996,0.4051765328645706,0.23630738933881126,0.2566038517653942,0.2617575459678968,0.7323780568440755,0.4088641518354416,0.5197424347201983,0.4314317932724953,0,0,0.1425509351740281,0.8709779500961303,1.0000000133117042,1.0000000133117042,1.0000000133117042,0.23630738933881126,0.2566038517653942,0.2617575459678968,0.4088641518354416,0.5197424347201983,0.4314317932724953
7,0.0917098734031121,0.0944218515853087,0.0032727055554278195,0.7465026625990867,0.41718919689456624,0.5133569814761479,0.4200596375266711,0.13632925805946192,0.13681019231677055,0.02035631724943717,0.7429111389319102,0.3846257026990255,0.5504336711764336,0.4190668584903081,0.17016167670488358,0.1762834676106771,0.0422169708336393,0.7363706012566884,0.3835563427706559,0.5139835243423779,0.40568318088849387,0.23706758225957555,0.2586673215528329,0.2564777758717537,0.7278035102287929,0.40652178689837454,0.5215359248717626,0.4264084949096044,0,0,0.12481691264857847,0.8662283888459206,1.0000000091393788,1.0000000091393788,1.0000000091393788,0.23706758225957555,0.2586673215528329,0.2564777758717537,0.40652178689837454,0.5215359248717626,0.4264084949096044
8,0.09830504335463047,0.09715987352033456,0.003544200250568489,0.7466721622149151,0.4146075836817423,0.5013553500175476,0.4301067985097568,0.14452820211648942,0.14337439986566702,0.020441037820031246,0.7438001693288485,0.3997946812212467,0.5388719803094864,0.423090482155482,0.17228241895635926,0.1758579642077287,0.04099074269334475,0.7322081604599953,0.3925503141184648,0.5045277990897497,0.40561740775903066,0.2307456818223,0.24969245334466295,0.2456639132897059,0.7294336868325869,0.42292288452386856,0.5134129587809245,0.42867161214351657,0,0,0.1756411538273096,0.8690953979889552,0.9999999892711641,0.9999999892711641,0.9999999892711641,0.2307456818223,0.24969245334466295,0.2456639132897059,0.42292288452386856,0.5134129587809245,0.42867161214351657
9,0.10194443722565967,0.10251072384417056,0.0035985922231338923,0.7454774489998818,0.39744355430205663,0.5189528665939966,0.4150490129987399,0.1578504639863968,0.1593064454694589,0.021311408386876184,0.7408298237125078,0.3784822525084019,0.547641159594059,0.4192855669061343,0.1686091662943363,0.17579035316904387,0.03940406477699677,0.7318320514758428,0.3857618578275045,0.4920639311770598,0.3931794400016467,0.21935011744499205,0.2363564775387446,0.2323343179623286,0.7254648262262344,0.4414473276833693,0.5081149047613144,0.4349306099613507,0,0,0.1657215288405617,0.861465510626634,0.9999999950329462,0.9999999950329462,0.9999999950329462,0.21935011744499205,0.2363564775387446,0.2323343179623286,0.4414473276833693,0.5081149047613144,0.4349306099613507
10,0.10837597690522673,0.10676418900489808,0.0037560766547297436,0.7450821881492933,0.4131545392672221,0.5057344529032707,0.4144052208463351,0.15246028299132985,0.15795295039812726,0.020296802601466574,0.7404948378602664,0.3912756477296353,0.5410714199145635,0.4182632808883985,0.16327380105853082,0.1744136676688989,0.03832775303473075,0.7308558179934821,0.3848720488945643,0.4844038048386574,0.3911613989869753,0.2110571902493636,0.2238969368239244,0.2218441334863504,0.7265178581078847,0.4308417857686679,0.4955034389098486,0.4463215621312459,0,0,0.1445787237584591,0.8673779160777728,1.000000010530154,1.000000010530154,1.000000010530154,0.2110571902493636,0.2238969368239244,0.2218441334863504,0.4308417857686679,0.4955034389098486,0.4463215621312459
11,0.11590778581798075,0.11393220894038678,0.0038700166398969787,0.7466581032673518,0.39957206815481183,0.5285616321365039,0.4211885169148445,0.16026523520549138,0.15895875697334608,0.02059360987817248,0.7404779588182767,0.3899478792647521,0.5451207679510116,0.4195274092753728,0.1612697061896324,0.17053877929846445,0.03747756887227297,0.7318602288762729,0.3890967478354772,0.4784392738342285,0.3890506225824356,0.1993313416838646,0.21134041309356688,0.21217740004261332,0.7261277422308922,0.4356763923168183,0.5055906437834103,0.4436497078339259,0,0,0.16565507570902507,0.8767589923739433,1.0000000073512396,1.0000000073512396,1.0000000073512396,0.1993313416838646,0.21134041309356688,0.21217740004261332,0.4356763923168183,0.5055906437834103,0.4436497078339259
12,0.11867016457021234,0.11838493776818115,0.003766906346039226,0.7493373361229897,0.40852839777866995,0.5278783076008161,0.41194282958904893,0.16434674113988876,0.16201922461390494,0.020505847701181967,0.7424440505107244,0.3853533378243446,0.5427748345335325,0.4171630531549454,0.15825787330667174,0.16989273577928546,0.0366367295384407,0.7302151062091191,0.3977259095509847,0.4643473488092422,0.3819576515257359,0.19275068938732148,0.2051540029545625,0.20471597885092102,0.7282352505127588,0.4426020593444506,0.494152744114399,0.4329130255182584,0,0,0.18059665312369666,0.8711553564170996,0.9999999821186064,0.9999999821186064,0.9999999821186064,0.19275068938732148,0.2051540029545625,0.20471597885092102,0.4426020593444506,0.494152744114399,0.4329130255182584
13,0.1218570597221454,0.12098321296274665,0.003795888963310669,0.7468848870197932,0.4104954088727633,0.5365330885847409,0.4194436268011729,0.15646914924184482,0.15820131525397302,0.019805582836270333,0.7401977056264877,0.3924784649411837,0.5520678079128265,0.4204689560333888,0.15645808612306913,0.16633275290330252,0.035984997078776365,0.7303905552625656,0.3930643343925476,0.4610004623730977,0.3763960192104181,0.1849862798055013,0.19515170325835546,0.1992074419061343,0.7271540106336276,0.4410546350479126,0.5015182584524155,0.4409063921372096,0,0,0.22174953656891985,0.8648764510949453,1.0000000111262004,1.0000000111262004,1.0000000111262004,0.1849862798055013,0.19515170325835546,0.1992074419061343,0.4410546350479126,0.5015182584524155,0.4409063921372096
14,0.12567557508746782,0.12729577253262206,0.0038666665499719477,0.7475623160600662,0.413684834142526,0.5298232728242874,0.4245827695727348,0.15706753263870876,0.16358971108992895,0.01988865430777272,0.7401942548155784,0.3944263555109501,0.5298201517264048,0.4187920733789603,0.15274367277820905,0.1647149595618248,0.03562195934355259,0.7287471468249956,0.3958927087982496,0.4607179074982802,0.38225783422589305,0.17815980955958366,0.1874096002181371,0.1920937342445056,0.723801477253437,0.4436727522810301,0.4874241787195206,0.4426250932614009,0,0,0.2552604612459739,0.8658714844783147,0.99999997317791,0.99999997317791,0.99999997317791,0.17815980955958366,0.1874096002181371,0.1920937342445056,0.4436727522810301,0.4874241787195206,0.4426250932614009
15,0.13162449705104032,0.12956417625149091,0.00391267489719515,0.7471948939561844,0.398368698656559,0.5376936891674995,0.4254170335332553,0.15677652428547542,0.1606729447344939,0.019788060883680982,0.7393481597304344,0.3936305433511734,0.5345743993918101,0.41649454553922016,0.14811793958147368,0.16133424192667006,0.03497634951025248,0.7289504728714625,0.3882782824834188,0.4551606564720472,0.3723869799574216,0.1790299194554488,0.18660027543703714,0.1936127639810244,0.7236980277299881,0.4472944797078768,0.48720711777607595,0.4426085495948792,0,0,0.25644740767776963,0.8717209178209305,0.9999999958276748,0.9999999958276748,0.9999999958276748,0.1790299194554488,0.18660027543703714,0.1936127639810244,0.4472944797078768,0.48720711777607595,0.4426085495948792
16,0.1350815286487341,0.13503980020682016,0.003904881624815365,0.7432943400740624,0.41069897105296455,0.5349031301339467,0.4267705576618512,0.1539597037434578,0.1591752470533053,0.019533950928598644,0.7384187817573548,0.4010834478835265,0.5302130634586016,0.41768205086390175,0.14839589436848954,0.15291777888933816,0.034401147918154795,0.7284469279646874,0.39435169781247775,0.446179567972819,0.3761432449022929,0.1748411332567533,0.18337785378098487,0.1909754894177119,0.7253145989775658,0.443247225979964,0.4914556622505188,0.4397036852439245,0,0,0.36573048825065296,0.8667772996425629,0.9999999813238779,0.9999999813238779,0.9999999813238779,0.1748411332567533,0.18337785378098487,0.1909754894177119,0.443247225979964,0.4914556622505188,0.4397036852439245
17,0.1414805783579747,0.1378746269394954,0.003941607230032484,0.7473820868134499,0.40537595277031263,0.5415906119346618,0.4248830962181092,0.15500261187553405,0.1566556115448475,0.019534419365227217,0.7398273211717605,0.3961799312631289,0.5283048036694526,0.4224029326438904,0.14193751027186713,0.15366246365010738,0.0340172126578788,0.7283588373661041,0.38980582093199095,0.4488186564048131,0.3704863625516494,0.17661101495226225,0.18485316157341006,0.19352081229289367,0.7279496720433235,0.4544763177633285,0.4873617520928383,0.4381002117196719,0,0,0.3251079604526361,0.8637502541144689,1.0000000023841855,1.0000000023841855,1.0000000023841855,0.17661101495226225,0.18485316157341006,0.19352081229289367,0.4544763177633285,0.4873617520928383,0.4381002117196719
18,0.14112192620833716,0.13984180271625518,0.003872849473264069,0.7448467827836672,0.4141346104443073,0.5462545706828436,0.4239843123157819,0.15573003148039186,0.1569837934275468,0.019425627682358025,0.7345385010043779,0.40190708592534063,0.5305155568321546,0.4148758979638418,0.1419355458766222,0.15214154625932375,0.03391379917040467,0.7295911568403244,0.3857929464181265,0.44621007417639097,0.3694493647416433,0.1691608135898908,0.17712499340375265,0.1869610144694646,0.7275830021500588,0.4465644132097562,0.4970591177543005,0.44316105167071024,0,0,0.3934558684627215,0.8639701473712921,0.9999999984105428,0.9999999984105428,0.9999999984105428,0.1691608135898908,0.17712499340375265,0.1869610144694646,0.4465644132097562,0.4970591177543005,0.44316105167071024
19,0.13912850389877954,0.1382932614783446,0.0038371051056310533,0.7449909279743829,0.40275911311308543,0.5462757690747579,0.4276611108581225,0.1504968224465847,0.15358819196621576,0.019084947916368642,0.7347883492708206,0.3897523081302643,0.5254430650671323,0.4200029473503431,0.14029347856839494,0.15051901809871196,0.033635166647533576,0.7259570386012395,0.39345023264487583,0.4445246065159639,0.3699487114946047,0.17035855293273927,0.1794286551574866,0.18853876680135728,0.7278997813661893,0.4437020365397135,0.4946277535955112,0.4382169950008392,0,0,0.3840187549591064,0.8651000785827637,0.9999999956289928,0.9999999956289928,0.9999999956289928,0.17035855293273927,0.1794286551574866,0.18853876680135728,0.4437020365397135,0.4946277535955112,0.4382169950008392
20,0.1439316508670648,0.14350023900469144,0.0039092706446535895,0.7471560253699621,0.4155931429068248,0.5355644756555558,0.4186817187567552,0.14913840269049009,0.15406385103861492,0.018934318590909244,0.737994967798392,0.40159769520163535,0.5144366324941317,0.4157796583573024,0.13797705014546713,0.1513928297162056,0.03360285362228752,0.7283194198211034,0.3908004856606325,0.4304858084519704,0.3630157903333505,0.1711851979792118,0.17775590727726615,0.18824470748504,0.7304655788342158,0.4506374913454056,0.4825981132189433,0.4425550574064255,0,0,0.4599364044268926,0.8687061121066412,0.9999999994039536,0.9999999994039536,0.9999999994039536,0.1711851979792118,0.17775590727726615,0.18824470748504,0.4506374913454056,0.4825981132189433,0.4425550574064255
21,0.1438963280369838,0.14209553251663845,0.0039047777908854187,0.7461517258485159,0.4051568545401096,0.5504299991329511,0.4271790465712547,0.14761104916532836,0.15078505173325538,0.0189538516725103,0.7363570915659269,0.4014461475610733,0.5208156949281693,0.4200312342246373,0.13717114860812826,0.1454532195876042,0.033363135755062105,0.7285771185159683,0.38690107072393104,0.4490349676708381,0.3713298951089382,0.1711664838095506,0.18042104745904605,0.19037706583738329,0.7290904976924261,0.45482472717762,0.4937300080060959,0.4327087640762329,0,0,0.4385760897397995,0.8665683245658875,1.0000000015894572,1.0000000015894572,1.0000000015894572,0.1711664838095506,0.18042104745904605,0.19037706583738329,0.45482472717762,0.4937300080060959,0.4327087640762329
22,0.145454194744428,0.14334073344866435,0.003897058749571443,0.7457978683710098,0.4081648511687915,0.5440539908409119,0.4272029825051625,0.14764959101875624,0.15218305543065072,0.01890835934629043,0.7336827945709229,0.4034419090549151,0.5110822630922001,0.4166393934686979,0.13202244232098262,0.13803967831035455,0.03314065379401048,0.7279322081804276,0.3942723207175732,0.4435210955142975,0.3796444986760617,0.1678230152030786,0.1749207012852033,0.18692851637800534,0.7331531478961308,0.4289963609476884,0.4974897768596808,0.4511687108874321,0,0,0.4606387229760488,0.8654347842931748,0.9999999964237212,0.9999999964237212,0.9999999964237212,0.1678230152030786,0.1749207012852033,0.18692851637800534,0.4289963609476884,0.4974897768596808,0.4511687108874321
23,0.14788591220974925,0.14607923465470474,0.0038961090667483703,0.7477983106176058,0.4009881768623988,0.5586332931121191,0.4231968936820825,0.14971342581013838,0.1512585377196471,0.018855199174334602,0.7360483648379644,0.3924198109904925,0.5242903477946917,0.4104550081988176,0.13359469761451084,0.1417665391912063,0.033024746980518105,0.7270904512206713,0.3843580205738544,0.42408486699064574,0.3707252190013727,0.16595153187712033,0.17406035244464876,0.1854114939769109,0.7318208397428194,0.451985037724177,0.4967987722158432,0.44117748975753773,0,0,0.4722875333825747,0.8691896422704061,0.9999999910593032,0.9999999910593032,0.9999999910593032,0.16595153187712033,0.17406035244464876,0.1854114939769109,0.451985037724177,0.4967987722158432,0.44117748975753773
24,0.14968380078673366,0.1521420448521773,0.003952688879022995,0.7470788226524989,0.4020925606290499,0.5428005847334861,0.429705950319767,0.1462528100113074,0.1543820290764173,0.018604088649153708,0.7373241161306701,0.3957629876832167,0.5139181621869405,0.40713499252994856,0.13073293685913087,0.13956981052954992,0.033403835849215587,0.7267596481243769,0.3997838481763999,0.453386545976003,0.3759684288998445,0.16548013098537925,0.17599770625432332,0.186736544072628,0.7282737339536349,0.44465281958381336,0.5042700327436129,0.432001896550258,0,0,0.5189218628406524,0.8649152203400929,0.9999999936421712,0.9999999936421712,0.9999999936421712,0.16548013098537925,0.17599770625432332,0.186736544072628,0.44465281958381336,0.5042700327436129,0.432001896550258
25,0.14781721636652947,0.14736345261335373,0.0038748741708695893,0.7462315007050833,0.3987829761207104,0.5507893647750218,0.4288772351543109,0.14467875142892206,0.14782281289498012,0.01830409235631426,0.7357387781143189,0.39420895581444093,0.5115454042951266,0.4149771605928739,0.13198901576300462,0.13501610539853573,0.033211665675044064,0.7267964625358582,0.3838627302646637,0.4433449050784111,0.3819945517679055,0.1654657127459844,0.17435955971479414,0.1853164757291476,0.727880433301131,0.456848116517067,0.49230172157287605,0.4328610071539879,0,0,0.5099309680859248,0.8669135926167171,1.000000005364418,1.000000005364418,1.000000005364418,0.1654657127459844,0.17435955971479414,0.1853164757291476,0.456848116517067,0.49230172157287605,0.4328610071539879
26,0.14524844467639922,0.14637618705630304,0.0038429603842087094,0.7459042064348856,0.4036547587315242,0.5512028580904007,0.4298329413930575,0.1444268374145031,0.15160515199104946,0.01860080804675817,0.7336791531244914,0.4039985447128614,0.5007408394416173,0.4116725402077039,0.12666039851804575,0.1346724420040846,0.03307673082997402,0.7258961609999339,0.4057486977179845,0.4474842491745949,0.3775814040005207,0.1689804644882679,0.17534360523025194,0.1874546200533708,0.7309078496694564,0.4547992840409279,0.4783634628852209,0.4461375756065051,0,0,0.5010614149769147,0.867047534386317,0.9999999948342642,0.9999999948342642,0.9999999948342642,0.1689804644882679,0.17534360523025194,0.1874546200533708,0.4547992840409279,0.4783634628852209,0.4461375756065051
27,0.14573650653163592,0.14214803819855054,0.003800680334679783,0.7479040734966595,0.3989974844952424,0.5521068501472474,0.43271882737676304,0.14251087600986162,0.14691754194597406,0.0182211440987885,0.7370418701569239,0.3894132528702418,0.507634868423144,0.40902561997373904,0.127930308158199,0.14012733454505602,0.033227361142635345,0.7239448502659798,0.38354503298799203,0.4347246360282103,0.35861828915774824,0.16491185411810874,0.17205714126427968,0.1847501826286316,0.7321096581220626,0.4615221846103668,0.4937137120962143,0.4397022025783857,0,0,0.5140436562895775,0.8671546620130539,1.0000000049670537,1.0000000049670537,1.0000000049670537,0.16491185411810874,0.17205714126427968,0.1847501826286316,0.4615221846103668,0.4937137120962143,0.4397022025783857
28,0.1470991380016009,0.14270543138186134,0.0038483287766575814,0.7468436064322791,0.4061041317383448,0.5506568875908852,0.4196052712202072,0.144021582826972,0.145994855761528,0.01817093156899015,0.7358224796255429,0.3999827226996422,0.4950619156161944,0.4092878413697084,0.12706797475616138,0.1323386384298404,0.03319283596550425,0.7275939118862152,0.3932516996562481,0.4416645743449529,0.3765646379937728,0.1656700873374939,0.17352096969882647,0.1864329584936301,0.7329455671707789,0.4575615981221199,0.4973346708218256,0.4374303929011027,0,0,0.5095828281839688,0.8656640168031057,1.0000000031789145,1.0000000031789145,1.0000000031789145,0.1656700873374939,0.17352096969882647,0.1864329584936301,0.4575615981221199,0.4973346708218256,0.4374303929011027
29,0.1457858268916607,0.1439186665912469,0.003864746157390376,0.7477059474587441,0.3967709889014562,0.5519126925865809,0.4228790365656217,0.13953472117582955,0.14777540062864622,0.01813245446731647,0.7364451149106026,0.401704655388991,0.5039987838268281,0.4074181759357453,0.12519074688355128,0.12729160872598488,0.03302328910057743,0.7263184001048406,0.4113249183694522,0.4488301606973013,0.3888773055374623,0.17125597094496092,0.18108059878150626,0.19205908248821893,0.7318977893392244,0.4510620203614235,0.4986660958329837,0.4283549808959166,0,0,0.4883787499864896,0.8676190843184789,1.0000000043710071,1.0000000043710071,1.0000000043710071,0.17125597094496092,0.18108059878150626,0.19205908248821893,0.4510620203614235,0.4986660958329837,0.4283549808959166
30,0.1445516783495744,0.1447297299404939,0.003879563488687078,0.7467696678638458,0.4052720808982849,0.5460721690456073,0.4286292265852292,0.14115780487656593,0.14487772886951766,0.0182198131394883,0.7355492936571439,0.3977971981465817,0.4980396592617035,0.4140969098607699,0.1247166133671999,0.12772221403817335,0.0330062329210341,0.7264385999242464,0.39620084449648857,0.44625149448712653,0.3848676566282908,0.16254595428705215,0.1704705263674259,0.18236381436387694,0.7344745260477066,0.44645689845085146,0.4961574384570122,0.4441802434126536,0,0,0.4712776093681653,0.8667952919006348,1.0000000059604646,1.0000000059604646,1.0000000059604646,0.16254595428705215,0.1704705263674259,0.18236381436387694,0.44645689845085146,0.4961574384570122,0.4441802434126536
31,0.145861496925354,0.14446457733710608,0.0038902715562532343,0.7454803497592608,0.4051967916886012,0.5499237394332885,0.4254229108492533,0.1431233417739471,0.1483151710530122,0.018048702757805585,0.7323583499590556,0.3898593663672606,0.4942794001102448,0.4005856310824553,0.12684913657605648,0.12937997857729594,0.033517721015959984,0.7282531345884006,0.3943349841237068,0.44390653307239214,0.38226760114232705,0.16983465646704038,0.1787184843669335,0.1897481914361318,0.7307234707474709,0.4639502536257108,0.4862373078366121,0.4315782169500987,0,0,0.4495882774392764,0.8668983288606008,1.0000000204642614,1.0000000204642614,1.0000000204642614,0.16983465646704038,0.1787184843669335,0.1897481914361318,0.4639502536257108,0.4862373078366121,0.4315782169500987
32,0.15056545476118724,0.14838506321112316,0.0039337854095113775,0.7463181346654892,0.3989655800660451,0.5491625246405601,0.4271631785233816,0.143819988767306,0.14494913312296073,0.01802480791384975,0.732845655977726,0.3918808229267597,0.4897936011354129,0.40180674026409785,0.1238663430015246,0.12657408952713012,0.03336616579443216,0.7251018724838892,0.4068714047968388,0.4531359464923541,0.3933794793983301,0.17045253694057466,0.17685874432325366,0.1903036302824815,0.7321040098865826,0.4571838982403279,0.4855213569104672,0.4452294688423475,0,0,0.4286253673831622,0.8695351109902064,1.0000000137090683,1.0000000137090683,1.0000000137090683,0.17045253694057466,0.17685874432325366,0.1903036302824815,0.4571838982403279,0.4855213569104672,0.4452294688423475
33,0.1473205047349135,0.1465492868423462,0.0038191074086353187,0.7458717181285223,0.395224883655707,0.5514044160644214,0.4246109352509181,0.14062369416157405,0.14672881245613098,0.017943764937420687,0.7334497287869454,0.3876087777813276,0.4874323173364004,0.3960881341497104,0.12230674006044864,0.12926690143843492,0.03323952234039704,0.7274603178103765,0.4127148781220118,0.4403034776449203,0.3725171525776386,0.16569601498544215,0.17222238808870316,0.18404288212458286,0.7322312887509664,0.4708209184805552,0.4774948919812838,0.43747398555278777,0,0,0.4113567691047986,0.8686450807253521,1.0000000238418578,1.0000000238418578,1.0000000238418578,0.16569601498544215,0.17222238808870316,0.18404288212458286,0.4708209184805552,0.4774948919812838,0.43747398555278777
34,0.14826701909303666,0.14488970165451368,0.0038387993055706217,0.7436904926101366,0.4024087988336881,0.5394535674651464,0.42582880417505903,0.14042380183935166,0.1442928136140108,0.017811912347873052,0.7318000589807828,0.39688850030303,0.4848006245493889,0.404511809895436,0.12235099462171395,0.12770507000386716,0.033673384450376036,0.727181878387928,0.4125889367858569,0.4503992077708244,0.3899802521864573,0.16779711385567986,0.17565065160393714,0.18795554260412853,0.7348344070712726,0.4577099560201168,0.491263655324777,0.4372460029522578,0,0,0.4149247821172079,0.8666010040044785,1.000000015894572,1.000000015894572,1.000000015894572,0.16779711385567986,0.17565065160393714,0.18795554260412853,0.4577099560201168,0.491263655324777,0.4372460029522578
35,0.1505974004169305,0.1505287561317285,0.003928433193359524,0.7449257843693098,0.3953096796075503,0.542934695382913,0.4226352193951607,0.13952798304458458,0.14552981528143089,0.017893293779343362,0.733603322505951,0.3948393285771211,0.47937552720308296,0.39973759800195696,0.12077704245845475,0.12420330593983332,0.033279354559878516,0.7249276269475619,0.4047769952317079,0.44599957719445227,0.3843904541929563,0.16335507387916248,0.17165192504723867,0.1833142368495464,0.7331941147645314,0.4490255191922188,0.4970666215817134,0.43942018330097204,0,0,0.391839779317379,0.8665260285139084,1.0000000168879828,1.0000000168879828,1.0000000168879828,0.16335507387916248,0.17165192504723867,0.1833142368495464,0.4490255191922188,0.4970666215817134,0.43942018330097204
36,0.14111453235149385,0.14526433527469634,0.0037700521472531063,0.7438488719860713,0.3979843372106552,0.5440055014689763,0.4315822241703669,0.1400664219756921,0.14462516898910205,0.017746376836051545,0.7346054035425186,0.3927433001995087,0.4795540470878283,0.4028113481899103,0.12258329637348653,0.12642571734885374,0.03356576045975089,0.7265330611666043,0.4124920775492986,0.4513923526306947,0.3848840822776159,0.16571305262545746,0.1725532058874766,0.18521586418151856,0.7325913812716802,0.4497578010459741,0.4867629968126615,0.4473069395124912,0,0,0.3856147527694702,0.8680288587013879,1.0000000061591463,1.0000000061591463,1.0000000061591463,0.16571305262545746,0.1725532058874766,0.18521586418151856,0.4497578010459741,0.4867629968126615,0.4473069395124912
37,0.1461643329759439,0.14519472807645795,0.003825927109767993,0.7460942025979359,0.4095689189434051,0.5406743785738946,0.4301222444574038,0.14263030658165612,0.14779951284329096,0.017768926999221245,0.7352468450864156,0.4008764872451624,0.4715115874012311,0.4002914884438117,0.12309601875642935,0.12750302193065485,0.033840413019061086,0.7263595443964005,0.4114234681924184,0.4480873599648476,0.3846253261466821,0.16879091548422973,0.17637556393941242,0.18963344484567646,0.7308058865865071,0.4517662167549134,0.4921780822674434,0.44348579401771226,0,0,0.36585919578870135,0.8678215386470159,1.0000000228484471,1.0000000228484471,1.0000000228484471,0.16879091548422973,0.17637556393941242,0.18963344484567646,0.4517662167549134,0.4921780822674434,0.44348579401771226
38,0.1424005933602651,0.1428776363035043,0.003805611610102157,0.7418568398555121,0.3942002518971761,0.552836083471775,0.4237399593989055,0.13898009064296882,0.14534534248212974,0.0177517231926322,0.7331342568000158,0.3978245101869106,0.4750910604496797,0.4014747882882754,0.12208788906534512,0.12583976233998934,0.033814966455101965,0.7260927769541741,0.4107217799623808,0.4474507345755895,0.3846727067728837,0.17322399449845155,0.18305537780125936,0.19459793756405516,0.7321394574642182,0.4448992674549421,0.491690329015255,0.4433667922019959,0,0,0.3686058565974236,0.8686249025662741,1.0000000174840291,1.0000000174840291,1.0000000174840291,0.17322399449845155,0.18305537780125936,0.19459793756405516,0.4448992674549421,0.491690329015255,0.4433667922019959
39,0.14633125856518744,0.14794606114427247,0.003909256163363657,0.7411704237262408,0.3975392724573612,0.5484192576011022,0.4289108303189277,0.13922919581333795,0.14568310332794984,0.0176412090845406,0.7314816892147065,0.4024004664520423,0.4688527292509874,0.4000262273848057,0.1225217936684688,0.12450995008150735,0.03393838196992874,0.7264761575063071,0.4146252063413461,0.4571544887622198,0.3905786872903506,0.16210344530642032,0.17036758368213972,0.18139950816829997,0.7319900537530581,0.46802911549806603,0.4901423312226931,0.4378103617330392,0,0,0.36648793280124653,0.8692757801214854,1.0000000143051146,1.0000000143051146,1.0000000143051146,0.16210344530642032,0.17036758368213972,0.18139950816829997,0.46802911549806603,0.4901423312226931,0.4378103617330392
40,0.14630128646890322,0.14683936739961306,0.003861656438869735,0.7426273280382156,0.39856593867143,0.5472670135895411,0.4237115642428398,0.13693383100132148,0.14466812317570052,0.017410023150344688,0.7344099137187005,0.3973883712788423,0.469486452837785,0.3845936385790507,0.1218822335700194,0.12510044318934282,0.03385026110336185,0.7270361758271853,0.4135639876127243,0.4503736189504464,0.3865317411224048,0.17089333459734918,0.17714346160491307,0.18983073482910792,0.7356024236480395,0.4685689582924048,0.4792731762925784,0.4371150414148967,0,0,0.3646529903014501,0.870314380923907,1.000000028014183,1.000000028014183,1.000000028014183,0.17089333459734918,0.17714346160491307,0.18983073482910792,0.4685689582924048,0.4792731762925784,0.4371150414148967
41,0.1460021062195301,0.14629476110140482,0.003817419211069743,0.7452627149224281,0.4002694153289,0.5467104129989941,0.4263365337252617,0.13738820771376292,0.13911448416610558,0.01743273082189262,0.7344021099805832,0.3976414089401563,0.4752741483350595,0.40172346676389376,0.119757500415047,0.12000393035511175,0.03347215835625927,0.7285711973905563,0.4223192182183266,0.4685383930802346,0.3935888960957527,0.16451262089113394,0.1717339692513148,0.18468864878018695,0.734564838608106,0.4534831538796425,0.4924239806334178,0.44679705480734505,0,0,0.3623658011356989,0.8695998867352803,1.0000000174840291,1.0000000174840291,1.0000000174840291,0.16451262089113394,0.1717339692513148,0.18468864878018695,0.4534831538796425,0.4924239806334178,0.44679705480734505
42,0.14549657762050627,0.1449952991803487,0.00382638059478874,0.7432048848271371,0.4087750667830308,0.544821807940801,0.4242864382763704,0.1345818737645944,0.14179770035048325,0.01736781207844615,0.7314544651905696,0.3893089268108209,0.4673861649632454,0.3866393664479256,0.12242076829075815,0.12506585602958994,0.03390636236717304,0.7300107007225355,0.4097827619314194,0.4450399349133173,0.3911495985090733,0.16950631519158682,0.17866808126370112,0.1913930401702722,0.735499334136645,0.4544726258516312,0.4999332916239898,0.4366349272926648,0,0,0.3584452239672343,0.8682055034240087,1.000000017285347,1.000000017285347,1.000000017285347,0.16950631519158682,0.17866808126370112,0.1913930401702722,0.4544726258516312,0.4999332916239898,0.4366349272926648
43,0.14873082861304282,0.14752778947353362,0.003838599212467671,0.7437301218509674,0.395574461966753,0.5517269801100095,0.4238954130808512,0.1408746098726988,0.13948747150599958,0.017500260214631757,0.7320257281263669,0.3985175755620003,0.4610434139768282,0.3929072158038616,0.1195960338662068,0.12677439831197262,0.033814087820549815,0.7275745004415513,0.4106219348311424,0.4656348749001821,0.3893901322285334,0.1683578927318255,0.17479868958393732,0.1879190615316232,0.7337042572100957,0.46729550361633293,0.4843946388363838,0.4491998005906741,0,0,0.352720787525177,0.8687076149384181,1.000000028014183,1.000000028014183,1.000000028014183,0.1683578927318255,0.17479868958393732,0.1879190615316232,0.46729550361633293,0.4843946388363838,0.4491998005906741
44,0.14640587747097014,0.14792542273799578,0.0038138347670125454,0.7435266890128454,0.3974319428702196,0.5462892201542854,0.41924000039696696,0.13609815239906312,0.14473452910780907,0.01719718288940688,0.7335721179842949,0.39358204881350206,0.4623129313190778,0.3812977142135302,0.1210647134979566,0.12619580790400506,0.034591053010274965,0.7246296411752701,0.4303990725676219,0.44884255389372507,0.3903748870889346,0.1661039171864589,0.1713056368380785,0.1835765342414379,0.7342342088619868,0.4828034327427546,0.4667110329369704,0.4400878100593885,0,0,0.34631801277399066,0.8686495824654897,1.0000000246365863,1.0000000246365863,1.0000000246365863,0.1661039171864589,0.1713056368380785,0.1835765342414379,0.4828034327427546,0.4667110329369704,0.4400878100593885
45,0.14182054887215295,0.1433948101600011,0.003738278675979624,0.744803706407547,0.4006379129985968,0.5377549068133036,0.42763547112544376,0.1360010643551747,0.14124843942622345,0.017430952728415532,0.7349598125616709,0.3948757310708364,0.4753468941648801,0.385897658765316,0.11956831922133765,0.12238484303156535,0.034484971500933166,0.7261779712637265,0.4323830279707909,0.4525593793392181,0.3884485659996669,0.16817917585372924,0.1737693120042483,0.18670836572845775,0.7401373249292373,0.4704212622344494,0.4805506827433904,0.4485741354028384,0,0,0.3516823872923851,0.8705699368317922,1.0000000300010046,1.0000000300010046,1.0000000300010046,0.16817917585372924,0.1737693120042483,0.18670836572845775,0.4704212622344494,0.4805506827433904,0.4485741354028384
46,0.14945454065998395,0.1483199805021286,0.003897772034009298,0.7426066900293032,0.3944827591379483,0.5445026016235351,0.4277112729350726,0.1368756712973118,0.1436110640813907,0.01727242908750971,0.7322273735205332,0.3977597196896871,0.4620636531213919,0.3948175433774789,0.12131454209486645,0.12331222797433534,0.03420021019255121,0.7270213074485461,0.4159878415366014,0.4614546990394592,0.3911449730396271,0.1681206542253494,0.1740697582314412,0.18786194200317066,0.7381385142604509,0.467914514541626,0.4869701766967773,0.44173262889186543,0,0,0.3401711536447207,0.8715251400073369,1.0000000256299972,1.0000000256299972,1.0000000256299972,0.1681206542253494,0.1740697582314412,0.18786194200317066,0.467914514541626,0.4869701766967773,0.44173262889186543
47,0.14590510432918866,0.14324885060389836,0.0038061484477172297,0.7441407778859138,0.4006525760889053,0.5453660220901171,0.4248722820480664,0.13405034507314365,0.1391730276743571,0.017210008262967067,0.7303576132655144,0.4048794242739677,0.455517411828041,0.38829601019620896,0.12010758804778257,0.12265138613680998,0.0339508868008852,0.7283182135224342,0.4227566902836164,0.4605703091621399,0.3900845989584923,0.16167027436196804,0.16746626163522402,0.18114527955651286,0.7359053273002306,0.4614324574669202,0.4891574651996295,0.4488011586666107,0,0,0.3450209686160088,0.8711130255460741,1.0000000284115471,1.0000000284115471,1.0000000284115471,0.16167027436196804,0.16746626163522402,0.18114527955651286,0.4614324574669202,0.4891574651996295,0.4488011586666107
48,0.14421808143456774,0.1471762658158938,0.003789840939765175,0.7443254512548446,0.4006594789028168,0.5488522329926491,0.4199992897609869,0.13535717263817787,0.14292956677575905,0.01722040186325709,0.7336787813901902,0.3827409076193968,0.4700192247827848,0.3797586169838905,0.11928064356247585,0.12341889609893165,0.03424324983730912,0.7266228794058164,0.4308879576126735,0.4615447608629862,0.3949150151014328,0.16693841012815636,0.17207433660825094,0.18622786556681,0.7380114980538686,0.4602275016903877,0.485991066445907,0.4454728968441487,0,0,0.34960531880458195,0.8720059802134832,1.0000000282128652,1.0000000282128652,1.0000000282128652,0.16693841012815636,0.17207433660825094,0.18622786556681,0.4602275016903877,0.485991066445907,0.4454728968441487
49,0.14547896777590116,0.14643099322915076,0.00383465770088757,0.7428148697813352,0.40022946362694106,0.5461689878503482,0.4275393673777581,0.13425130223234494,0.13605032913386822,0.01729812051790456,0.7307391621669134,0.3894431602458159,0.4684323161840439,0.3962234026690324,0.11991648768385252,0.12257246660689512,0.035183650298664965,0.7290110075473786,0.4346700112024943,0.4558571380376816,0.3864971958597501,0.17314122671882312,0.18419542705019315,0.1967950058480104,0.7392020487785339,0.4616892278194428,0.5065360261003177,0.4260765943924586,0,0,0.34865422477324803,0.8701360227664312,1.000000025033951,1.000000025033951,1.000000025033951,0.17314122671882312,0.18419542705019315,0.1967950058480104,0.4616892278194428,0.5065360261003177,0.4260765943924586
50,0.14112802150348822,0.14052593593796095,0.0037140095606446265,0.7426511855920156,0.4070128043492635,0.5463967104752858,0.4221181843678157,0.13151398859918118,0.13719306228061515,0.01715130029556652,0.7364403167366982,0.39782786910732587,0.472142781317234,0.39376142938931785,0.12058639138936995,0.124195556640625,0.03464213192462921,0.7289843467871348,0.4196014656623204,0.45594229499499,0.3957477756838004,0.15968438682456812,0.1655232475201289,0.17966279476881028,0.7386875703930855,0.4541088057557742,0.4917511849105358,0.4540857424338658,0,0,0.341773656308651,0.8721608173847198,1.0000000238418578,1.0000000238418578,1.0000000238418578,0.15968438682456812,0.1655232475201289,0.17966279476881028,0.4541088057557742,0.4917511849105358,0.4540857424338658
51,0.14309905419747035,0.14393892606099445,0.003796846342738717,0.7435448427995046,0.3967635495960712,0.5413030752539635,0.42759801775217054,0.13128024804095428,0.1415044113000234,0.017245818988109632,0.7342012360692024,0.3899112831552824,0.4561283799509208,0.3921903077264627,0.12078270308673382,0.12496382216612498,0.03433855826656024,0.7258684759338697,0.430874756971995,0.4645769261320432,0.3942940673232079,0.16707842315236726,0.17666589140892028,0.19056828816731766,0.7400220003724098,0.44525799165169394,0.5074246129393578,0.4371750487883886,0,0,0.33793620179096856,0.8713055634498597,1.0000000288089117,1.0000000288089117,1.0000000288089117,0.16707842315236726,0.17666589140892028,0.19056828816731766,0.44525799165169394,0.5074246129393578,0.4371750487883886
52,0.14639141698678335,0.14617882773280144,0.003812154828726004,0.7402711338798205,0.3958247235417366,0.5376243582367897,0.4264365033308665,0.13410528150697548,0.14021573257942996,0.017139697674040992,0.7312823299566905,0.3938676389555136,0.4586949403087298,0.3852427615722021,0.12129421678682167,0.12556199051439762,0.035068200174719094,0.7287748639782271,0.4267355184753736,0.4556081307927767,0.3904308507343133,0.17134296317895253,0.1807111341009537,0.1934783377746741,0.7367915738622347,0.4557624788582325,0.4900100506345431,0.4386619701484839,0,0,0.3508281109730403,0.8701439247528712,1.000000015894572,1.000000015894572,1.000000015894572,0.17134296317895253,0.1807111341009537,0.1934783377746741,0.4557624788582325,0.4900100506345431,0.4386619701484839
53,0.1432093821465969,0.14636794686317445,0.0037855932116508477,0.7440510516365371,0.3966509691874186,0.5444466933608055,0.4280658648411433,0.13380249949793022,0.13857701202233633,0.01735582938728233,0.7336335257689158,0.3913794452945391,0.4576821498076121,0.3816620446741581,0.12204984955489635,0.12185276473561922,0.03459590880821148,0.7248942436774571,0.42474722524484,0.455947209695975,0.3968061484893163,0.1671296524256468,0.17530380211770535,0.1887296328445276,0.7384844462076823,0.4554952781895796,0.4952809121708075,0.4402679445346197,0,0,0.34218572080135345,0.871126586397489,1.000000022649765,1.000000022649765,1.000000022649765,0.1671296524256468,0.17530380211770535,0.1887296328445276,0.4554952781895796,0.4952809121708075,0.4402679445346197
54,0.14370425835251807,0.139985959927241,0.0037555579616067314,0.7444122012456258,0.4014628941565752,0.5388867389162382,0.4206195304294427,0.13849091922243434,0.13571661430100598,0.017090312431876857,0.7335945295294126,0.39660795020560413,0.4527408816417058,0.3802217547098796,0.1200772095968326,0.12392008669674395,0.03472664549325903,0.7275948064525922,0.4346192962924639,0.4632489880919457,0.3947348986069361,0.16873133398592471,0.17471754354735214,0.18831607287128765,0.7361082966128986,0.457247643917799,0.4797504128019015,0.4629525041083495,0,0,0.3451976688702901,0.8701559726397197,1.0000000377496083,1.0000000377496083,1.0000000377496083,0.16873133398592471,0.17471754354735214,0.18831607287128765,0.457247643917799,0.4797504128019015,0.4629525041083495
55,0.14717404410243035,0.1472811880707741,0.003841233959731956,0.7423955780267716,0.40947334562738735,0.5388836831847826,0.4151260005434354,0.13434703675409154,0.13835914127528667,0.017210000678896904,0.7335208712021509,0.3869041141370933,0.4455854163567225,0.3864027775824071,0.11836084927121797,0.1247251162926356,0.03433471040179332,0.7284712416927019,0.4325144842267036,0.45820647696654,0.3938682395716509,0.17102244111398854,0.17496397731204827,0.18752169027924534,0.7377692113320032,0.4786292738715808,0.4576667461792628,0.4505820259948571,0,0,0.35141934365034105,0.8729126095771791,1.0000000258286794,1.0000000258286794,1.0000000258286794,0.17102244111398854,0.17496397731204827,0.18752169027924534,0.4786292738715808,0.4576667461792628,0.4505820259948571
56,0.1415551657229662,0.14263608624537785,0.0037267524818889795,0.7439367587367693,0.4045516840616862,0.5393119337161382,0.4241005490223567,0.13400257118046285,0.1314210019012292,0.016965764109045267,0.7318913193543752,0.3982314281662305,0.4515954074760278,0.3872585578262806,0.1235714027285576,0.12318293022612732,0.035027767810970535,0.7277558149894079,0.4327371098597844,0.4667106866836548,0.3867651931444804,0.16140553193787735,0.16584661265214284,0.1793040926506122,0.7407733264565468,0.4742684767146905,0.4778854939341545,0.4503353562454383,0,0,0.3493494713306427,0.8703019386529922,1.0000000238418578,1.0000000238418578,1.0000000238418578,0.16140553193787735,0.16584661265214284,0.1793040926506122,0.4742684767146905,0.4778854939341545,0.4503353562454383
57,0.14634078529973826,0.14487511962652205,0.0038042206844935813,0.7432243235905965,0.3933322755495707,0.5424499800801277,0.4304904280602932,0.1321600192785263,0.14055366672575473,0.017069181809201837,0.7346714564164479,0.39278242965539295,0.4581221375862757,0.3853504869838555,0.12028549085060755,0.12340444321433705,0.03516404163713256,0.7275394071141879,0.437731970846653,0.4547756097714106,0.3862781423330307,0.16865808228651682,0.1777284998446703,0.19062927593787515,0.7425776862104734,0.4624917700390021,0.5055204244454702,0.43000376438101134,0,0,0.3414150637388229,0.8720870884259542,1.0000000315904618,1.0000000315904618,1.0000000315904618,0.16865808228651682,0.1777284998446703,0.19062927593787515,0.4624917700390021,0.5055204244454702,0.43000376438101134
58,0.14420668537418047,0.14660829668243727,0.0037617303174920383,0.7446770854791005,0.4059437042971452,0.5303455665707588,0.4265280126531919,0.12991216490666072,0.1401898312320312,0.017188396419708932,0.7355011074741682,0.3943446728587151,0.4476567184925079,0.38581532369057336,0.11971448396643004,0.12309784663220248,0.03509731781979402,0.7297735839088758,0.43679679652055103,0.470480480392774,0.3987067482372125,0.16355248091121516,0.17056295682986575,0.18371483673652012,0.7360229212045669,0.4626203879714012,0.4963222762942314,0.4399301516016325,0,0,0.3389189627766609,0.8701052302122116,1.0000000274181366,1.0000000274181366,1.0000000274181366,0.16355248091121516,0.17056295682986575,0.18371483673652012,0.4626203879714012,0.4963222762942314,0.4399301516016325
59,0.1422752986351649,0.1445488333205382,0.0037491573610653477,0.7422988082965215,0.4019136383136113,0.5403126267592112,0.42186560849348703,0.13239581691722074,0.1361804653207461,0.01695462125663956,0.7317662502328555,0.3955878254274528,0.4567637217541536,0.3787197342514992,0.11990848178664845,0.12265805080533028,0.03531362605591615,0.725007724960645,0.438222688784202,0.4610449642936389,0.3908697931965192,0.17673808601995308,0.18429487725098928,0.1974330040315787,0.7360412283738454,0.455627494007349,0.484212852815787,0.4410021447141965,0,0,0.3458251256744067,0.8709818623463312,1.0000000300010046,1.0000000300010046,1.0000000300010046,0.17673808601995308,0.18429487725098928,0.1974330040315787,0.455627494007349,0.484212852815787,0.4410021447141965
60,0.14523309056957562,0.1451133147875468,0.003798754504726578,0.7445517103870709,0.4042838963866234,0.5413416765133541,0.4210707812507947,0.1326919534057379,0.13738665662705898,0.01688561687866847,0.7333687363068263,0.3949177315831184,0.4540863421559334,0.3845574047168096,0.12016747437417508,0.12514237359166144,0.03543384367600083,0.7277093155185381,0.44266859034697215,0.4635168038805326,0.3920180934667588,0.15534160283704598,0.1603444705406825,0.173697891831398,0.7397109438975652,0.4585807877779007,0.4833135392268499,0.4569596228003502,0,0,0.3376537731289864,0.8699475765228272,1.0000000274181366,1.0000000274181366,1.0000000274181366,0.15534160283704598,0.1603444705406825,0.173697891831398,0.4585807877779007,0.4833135392268499,0.4569596228003502
61,0.14437242155273755,0.1460819930334886,0.0037562574997233853,0.740033699075381,0.3953093491991361,0.5365532372395198,0.4231088958183925,0.13389007662733396,0.13753374074896174,0.017073460180933274,0.7332614706953366,0.3882590427994728,0.4484739216665427,0.3890972770253817,0.11789913830657801,0.12372994830211005,0.03509551349406441,0.7275240271290143,0.4428776754935582,0.4660693595806758,0.3958240542809168,0.1714553045729796,0.17688623676697413,0.19203860928614933,0.7368041646480559,0.4606327657401562,0.4837620202203592,0.4516507868468762,0,0,0.344032713274161,0.8718073769410452,1.0000000339746475,1.0000000339746475,1.0000000339746475,0.1714553045729796,0.17688623676697413,0.19203860928614933,0.4606327657401562,0.4837620202203592,0.4516507868468762
62,0.1455203160146872,0.1456000079214573,0.003779784938475738,0.7388113577167194,0.3975305608908336,0.5360876871148745,0.4260206032792727,0.12922495377560456,0.14195361420512198,0.017135778969774643,0.7329364406069119,0.3991347713768482,0.4522096652785937,0.37921850706140203,0.12069701083004475,0.1248598149170478,0.03538046983381112,0.7298850725094478,0.4455142570535342,0.4617031353712082,0.3947826862335205,0.16727043161789576,0.1772172909975052,0.19033518612384795,0.7371508982777596,0.4639119111001492,0.4998689040541649,0.4341592886547248,0,0,0.3294907560944557,0.8739435392618179,1.0000000248352687,1.0000000248352687,1.0000000248352687,0.16727043161789576,0.1772172909975052,0.19033518612384795,0.4639119111001492,0.4998689040541649,0.4341592886547248
63,0.1433645135660966,0.14492606833577154,0.003723857901835194,0.7444350013136863,0.3976921930412452,0.5391131444772085,0.42038657089074455,0.1344355551401774,0.1366516916702191,0.017161322667573888,0.7333686272303264,0.3875673756500085,0.4669640054305394,0.3918521118660768,0.12159891098737716,0.12330925010144712,0.03532971389591694,0.7310728423794111,0.4388696100314458,0.4712735426425934,0.3991836809118589,0.17262463701268038,0.17713309089342752,0.19171352649728454,0.7385507403810819,0.4558850289881229,0.4797029714783033,0.4568722879389922,0,0,0.3375688678026199,0.8732052801052729,1.0000000260273616,1.0000000260273616,1.0000000260273616,0.17262463701268038,0.17713309089342752,0.19171352649728454,0.4558850289881229,0.4797029714783033,0.4568722879389922
64,0.1438117569188277,0.14083634252349536,0.0036926285581042368,0.7412701845169067,0.4040618232885996,0.5311166814963023,0.4225824063022932,0.1335157868762811,0.13887879396478334,0.017153593540812532,0.7314272887508074,0.3961307129760584,0.4451647930840652,0.3781542973220348,0.1220505337168773,0.12262425857285658,0.035178688528637085,0.7301017008225124,0.4392017253239949,0.4680716193219026,0.3971957654754321,0.16790305137634276,0.17417641972502074,0.18710911919673284,0.7443958992759386,0.4482389512658119,0.4813586396475633,0.4599633624653022,0,0,0.34689545194307964,0.8722040611505508,1.0000000264247255,1.0000000264247255,1.0000000264247255,0.16790305137634276,0.17417641972502074,0.18710911919673284,0.4482389512658119,0.4813586396475633,0.4599633624653022
65,0.14229229455192885,0.14570760721961654,0.0037474256878097852,0.7419764328996341,0.4038443876306216,0.5337908606727918,0.42548489754398666,0.1296299969404936,0.13719059469799197,0.01713268766179681,0.7323097061117491,0.40627525622646016,0.4453291246294975,0.3804438440998395,0.11905957673986753,0.12345031194388867,0.0349916315327088,0.7293873048822085,0.4412710929910342,0.4583920079469681,0.40334520181020095,0.15921820009748142,0.16489472391704718,0.1787897623082002,0.7360057320197423,0.4794451978305976,0.4828126334150632,0.4475573011736075,0,0,0.3472970771789551,0.8728838777542114,1.0000000313917796,1.0000000313917796,1.0000000313917796,0.15921820009748142,0.16489472391704718,0.1787897623082002,0.4794451978305976,0.4828126334150632,0.4475573011736075
66,0.14526801464458305,0.14272364497184753,0.0037632855648795757,0.7395704186956088,0.4065378142396609,0.5400342960158984,0.4220583326617877,0.13038250943024954,0.13548511202136676,0.017052962047358355,0.7330581565697988,0.400976282954216,0.4592147073149681,0.38556510870655375,0.1208069555958112,0.12496941034992536,0.035910980111608905,0.7289427321155866,0.43673007388909657,0.4628002213438352,0.3913363735874494,0.16933260488013427,0.1763467239588499,0.1897643757859866,0.7376496755083402,0.4754566056529681,0.48517037595311796,0.4377022894720237,0,0,0.3445133762558301,0.8728920602798462,1.0000000262260438,1.0000000262260438,1.0000000262260438,0.16933260488013427,0.1763467239588499,0.1897643757859866,0.4754566056529681,0.48517037595311796,0.4377022894720237
67,0.1416377646724383,0.14376495867967606,0.003700637368795772,0.7423096569379171,0.4039562294383844,0.5309485331177711,0.4165164510409037,0.12754529496033987,0.13630695005257926,0.017055778422703345,0.7332533596952756,0.4017448922495047,0.4561323414246241,0.3884004310270151,0.12004323470095793,0.12475553661584855,0.03521516997988025,0.728686080078284,0.4511980274319649,0.4606875344117482,0.3958454714218776,0.16690438153843085,0.17815126265088718,0.19054395377635955,0.7414814774195353,0.4491090735296409,0.5111408897240957,0.4321152120331923,0,0,0.3511808676520983,0.8717538966735204,1.0000000282128652,1.0000000282128652,1.0000000282128652,0.16690438153843085,0.17815126265088718,0.19054395377635955,0.4491090735296409,0.5111408897240957,0.4321152120331923
68,0.14183956871430078,0.14308039397001265,0.003741494375281036,0.7409426498413086,0.39982259800036746,0.539198163251082,0.4168785494565964,0.13492873462537924,0.13474796958267687,0.017255507425094643,0.7305692047874133,0.4019574029743672,0.4505811363955339,0.3850037975112597,,,,,,,,0.1658196443070968,0.1737158764898777,0.18724942261974015,0.7415516314903895,0.4434004940092564,0.4991164098183314,0.45002608637015024,0,0,0.3488263712326686,0.8714333017667134,1.0000000296036402,1.0000000296036402,1.0000000296036402,0.1658196443070968,0.1737158764898777,0.18724942261974015,0.4434004940092564,0.4991164098183314,0.45002608637015024
69,0.14265915452437258,0.14267443314842554,0.0037170787587961227,0.7427547801298441,0.3984924071409232,0.5327849143922927,0.4205131573621246,0.1311439932090383,0.13410638923130705,0.01712423555216562,0.7302365650899434,0.3897661120197845,0.4438666035000696,0.3839796735191824,,,,,,,,0.1641554533690214,0.17365823820233345,0.18619135235746698,0.7398317370812099,0.461331881582737,0.4995641310513019,0.4368196321030458,0,0,0.3312890570362409,0.8726899794737498,1.0000000365575157,1.0000000365575157,1.0000000365575157,0.1641554533690214,0.17365823820233345,0.18619135235746698,0.461331881582737,0.4995641310513019,0.4368196321030458
70,,,,,,,,,,,,,,,,,,,,,,0.15767567979792754,0.16884136778612932,0.1791793905198574,0.740313475728035,0.4837146163980166,0.5000675797462464,0.42159409150481225,0,0,0.3498134232560793,0.8733469214042028,1.0000000262260438,1.0000000262260438,1.0000000262260438,0.15767567979792754,0.16884136778612932,0.1791793905198574,0.4837146163980166,0.5000675797462464,0.42159409150481225
